known_source_ip,name
192.168.29.1,Router
192.168.29.2,Windows PC
192.168.29.3,Unknown
192.168.29.4,Unknown
192.168.29.5,Unknown
192.168.29.6,Unknown
192.168.29.7,Tp-Link Wi-Fi Adaptor
192.168.29.8,Unknown
192.168.29.9,Unknown
192.168.29.10,Unknown
192.168.29.11,Unknown
192.168.29.12,Unknown
192.168.29.13,Unknown
192.168.29.14,Unknown
192.168.29.15,Unknown
192.168.29.16,Unknown
192.168.29.17,Unknown
192.168.29.18,Unknown
192.168.29.19,Unknown
192.168.29.20,Unknown
192.168.29.21,Unknown
192.168.29.22,Unknown
192.168.29.23,Unknown
192.168.29.24,Unknown
192.168.29.25,Unknown
192.168.29.26,Unknown
192.168.29.27,Unknown
192.168.29.28,Unknown
192.168.29.29,Unknown
192.168.29.30,Unknown
192.168.29.31,Arcadyan
192.168.29.32,Unknown
192.168.29.33,Unknown
192.168.29.34,Unknown
192.168.29.35,Unknown
192.168.29.36,Unknown
192.168.29.37,Unknown
192.168.29.38,Unknown
192.168.29.39,Unknown
192.168.29.40,Unknown
192.168.29.41,Unknown
192.168.29.42,Unknown
192.168.29.43,Unknown
192.168.29.44,Unknown
192.168.29.45,Unknown
192.168.29.46,Unknown
192.168.29.47,Unknown
192.168.29.48,Unknown
192.168.29.49,Unknown
192.168.29.50,Unknown
192.168.29.51,Unknown
192.168.29.52,Earda Technologies
192.168.29.53,Unknown
192.168.29.54,Unknown
192.168.29.55,Unknown
192.168.29.56,Unknown
192.168.29.57,Unknown
192.168.29.58,Unknown
192.168.29.59,Unknown
192.168.29.60,Unknown
192.168.29.61,Unknown
192.168.29.62,Unknown
192.168.29.63,Unknown
192.168.29.64,Unknown
192.168.29.65,Unknown
192.168.29.66,Unknown
192.168.29.67,Unknown
192.168.29.68,Unknown
192.168.29.69,Unknown
192.168.29.70,Unknown
192.168.29.71,Unknown
192.168.29.72,Unknown
192.168.29.73,Unknown
192.168.29.74,Unknown
192.168.29.75,Unknown
192.168.29.76,Unknown
192.168.29.77,Unknown
192.168.29.78,Unknown
192.168.29.79,Unknown
192.168.29.80,Unknown
192.168.29.81,Unknown
192.168.29.82,Unknown
192.168.29.83,Unknown
192.168.29.84,Unknown
192.168.29.85,Unknown
192.168.29.86,Unknown
192.168.29.87,Unknown
192.168.29.88,Unknown
192.168.29.89,Unknown
192.168.29.90,Unknown
192.168.29.91,Unknown
192.168.29.92,Unknown
192.168.29.93,Unknown
192.168.29.94,Unknown
192.168.29.95,Unknown
192.168.29.96,Unknown
192.168.29.97,Unknown
192.168.29.98,Unknown
192.168.29.99,Unknown
192.168.29.100,Unknown
192.168.29.101,Unknown
192.168.29.102,Unknown
192.168.29.103,Unknown
192.168.29.104,Unknown
192.168.29.105,Unknown
192.168.29.106,Unknown
192.168.29.107,Unknown
192.168.29.108,Unknown
192.168.29.109,Unknown
192.168.29.110,Unknown
192.168.29.111,Unknown
192.168.29.112,Unknown
192.168.29.113,Unknown
192.168.29.114,Unknown
192.168.29.115,Unknown
192.168.29.116,Unknown
192.168.29.117,Unknown
192.168.29.118,Unknown
192.168.29.119,Unknown
192.168.29.120,Unknown
192.168.29.121,Unknown
192.168.29.122,Unknown
192.168.29.123,Unknown
192.168.29.124,Unknown
192.168.29.125,Unknown
192.168.29.126,Unknown
192.168.29.127,Unknown
192.168.29.128,Unknown
192.168.29.129,Unknown
192.168.29.130,Unknown
192.168.29.131,Unknown
192.168.29.132,Unknown
192.168.29.133,Unknown
192.168.29.134,Unknown
192.168.29.135,Unknown
192.168.29.136,iPhone
192.168.29.137,Unknown
192.168.29.138,Unknown
192.168.29.139,Unknown
192.168.29.140,Unknown
192.168.29.141,Unknown
192.168.29.142,Unknown
192.168.29.143,Unknown
192.168.29.144,Unknown
192.168.29.145,Unknown
192.168.29.146,Unknown
192.168.29.147,Unknown
192.168.29.148,Unknown
192.168.29.149,Unknown
192.168.29.150,Unknown
192.168.29.151,Unknown
192.168.29.152,Unknown
192.168.29.153,Unknown
192.168.29.154,Unknown
192.168.29.155,Unknown
192.168.29.156,Unknown
192.168.29.157,Unknown
192.168.29.158,Unknown
192.168.29.159,Unknown
192.168.29.160,Unknown
192.168.29.161,Unknown
192.168.29.162,Unknown
192.168.29.163,Unknown
192.168.29.164,Unknown
192.168.29.165,Unknown
192.168.29.166,Unknown
192.168.29.167,Unknown
192.168.29.168,Unknown
192.168.29.169,Unknown
192.168.29.170,Unknown
192.168.29.171,Unknown
192.168.29.172,Unknown
192.168.29.173,Unknown
192.168.29.174,Unknown
192.168.29.175,Unknown
192.168.29.176,Unknown
192.168.29.177,Unknown
192.168.29.178,Unknown
192.168.29.179,Unknown
192.168.29.180,Unknown
192.168.29.181,Unknown
192.168.29.182,Unknown
192.168.29.183,Unknown
192.168.29.184,Unknown
192.168.29.185,Unknown
192.168.29.186,Unknown
192.168.29.187,Unknown
192.168.29.188,Unknown
192.168.29.189,Unknown
192.168.29.190,Unknown
192.168.29.191,Unknown
192.168.29.192,Unknown
192.168.29.193,Unknown
192.168.29.194,Unknown
192.168.29.195,Unknown
192.168.29.196,Unknown
192.168.29.197,Unknown
192.168.29.198,Unknown
192.168.29.199,Unknown
192.168.29.200,Unknown
192.168.29.201,Unknown
192.168.29.202,Unknown
192.168.29.203,Unknown
192.168.29.204,Unknown
192.168.29.205,Unknown
192.168.29.206,Unknown
192.168.29.207,Unknown
192.168.29.208,Unknown
192.168.29.209,Unknown
192.168.29.210,Unknown
192.168.29.211,Unknown
192.168.29.212,Unknown
192.168.29.213,Unknown
192.168.29.214,Unknown
192.168.29.215,Unknown
192.168.29.216,Unknown
192.168.29.217,Unknown
192.168.29.218,Unknown
192.168.29.219,Unknown
192.168.29.220,Unknown
192.168.29.221,Unknown
192.168.29.222,Unknown
192.168.29.223,Unknown
192.168.29.224,Unknown
192.168.29.225,Unknown
192.168.29.226,Unknown
192.168.29.227,Unknown
192.168.29.228,Unknown
192.168.29.229,Unknown
192.168.29.230,Unknown
192.168.29.231,Unknown
192.168.29.232,Unknown
192.168.29.233,Unknown
192.168.29.234,Unknown
192.168.29.235,Unknown
192.168.29.236,Unknown
192.168.29.237,Unknown
192.168.29.238,Unknown
192.168.29.239,Unknown
192.168.29.240,Unknown
192.168.29.241,Unknown
192.168.29.242,Unknown
192.168.29.243,Unknown
192.168.29.244,Unknown
192.168.29.245,Unknown
192.168.29.246,Unknown
192.168.29.247,Unknown
192.168.29.248,Unknown
192.168.29.249,Unknown
192.168.29.250,Unknown
192.168.29.251,Unknown
192.168.29.252,Unknown
192.168.29.253,Unknown
192.168.29.254,Unknown
